latitude,longitude,brightness,scan,track,acq_date,acq_time,satellite,instrument,confidence,version,bright_t31,frp,daynight
43.8161,16.93878,303,1.1,1.04,2026-10-02,809,Terra,MODIS,54,6.1NRT,291.17,5.79,D
37.21627,13.88572,309.04,1.04,1.02,2026-10-02,811,Terra,MODIS,59,6.1NRT,296.81,4.89,D
37.32071,13.8108,308.87,1.04,1.02,2026-10-02,811,Terra,MODIS,55,6.1NRT,298.13,5.27,D
37.59679,13.88417,315.67,1.04,1.02,2026-10-02,811,Terra,MODIS,69,6.1NRT,296.69,9.77,D
37.69429,13.91345,310.33,1.04,1.02,2026-10-02,811,Terra,MODIS,60,6.1NRT,297.18,6.11,D
37.86829,12.88705,312.69,1,1,2026-10-02,811,Terra,MODIS,66,6.1NRT,300.91,6.74,D
37.8699,12.87599,315.42,1,1,2026-10-02,811,Terra,MODIS,71,6.1NRT,298.64,9.38,D
37.89766,13.17948,307.91,1.01,1,2026-10-02,811,Terra,MODIS,35,6.1NRT,296.53,4.03,D
40.68782,15.83419,303.75,1.1,1.05,2026-10-02,811,Terra,MODIS,49,6.1NRT,293.19,4.46,D
40.75591,16.27505,312.37,1.14,1.06,2026-10-02,811,Terra,MODIS,70,6.1NRT,298.61,8.45,D
40.76101,16.2826,311.46,1.14,1.06,2026-10-02,811,Terra,MODIS,61,6.1NRT,298.75,6.93,D
40.92543,15.8095,310.3,1.09,1.04,2026-10-02,811,Terra,MODIS,35,6.1NRT,295.49,6.7,D
41.22137,13.88457,315.32,1,1,2026-10-02,811,Terra,MODIS,66,6.1NRT,296.04,10.61,D
41.41837,15.92329,322.76,1.09,1.04,2026-10-02,811,Terra,MODIS,81,6.1NRT,299.5,17.44,D
41.42041,15.91078,335.66,1.09,1.04,2026-10-02,811,Terra,MODIS,89,6.1NRT,299.73,35.84,D
41.49865,15.19033,310.2,1.04,1.02,2026-10-02,811,Terra,MODIS,69,6.1NRT,293.29,6,D
41.74513,14.66858,304.83,1.02,1.01,2026-10-02,811,Terra,MODIS,54,6.1NRT,293.73,4.72,D